{"val_loss": 0.24017415009438992, "train_loss": 0.20340862683951855, "mean_pixel_accuracy": 0.817065417766571, "mean_intersection_over_union": 0.7455949783325195, "fw_intersection_over_union": 0.8377733826637268, "_timestamp": 1705082763.8469334, "_runtime": 166.8354184627533, "_step": 29, "predictions_table": {"_type": "table-file", "sha256": "61441f333a6b15736013b5deee6b0438349cd3c73d4f3d8eee6af4ee1076b79b", "size": 14575, "artifact_path": "wandb-client-artifact://amgk8ronv9zxin8rfmjqyt6nss6ux4rdlq0pw9tcnrhqdy3q78kptvetta2dzwrcmadw3k3to1ehx5dlb0opu6o76sq6c809q282r1fcg7kwvi7nfywbv9iq5lv0coe0:latest/predictions_table.table.json", "_latest_artifact_path": "wandb-client-artifact://amgk8ronv9zxin8rfmjqyt6nss6ux4rdlq0pw9tcnrhqdy3q78kptvetta2dzwrcmadw3k3to1ehx5dlb0opu6o76sq6c809q282r1fcg7kwvi7nfywbv9iq5lv0coe0:latest/predictions_table.table.json", "path": "media/table/predictions_table_29_61441f333a6b15736013.table.json", "ncols": 3, "nrows": 500}}