{"val_loss": 0.21978206932544708, "train_loss": 0.15952734742313623, "mean_pixel_accuracy": 0.8532089591026306, "mean_intersection_over_union": 0.7713103294372559, "fw_intersection_over_union": 0.8539103865623474, "_timestamp": 1705160628.1917472, "_runtime": 325.82518911361694, "_step": 29, "predictions_table": {"_type": "table-file", "sha256": "61441f333a6b15736013b5deee6b0438349cd3c73d4f3d8eee6af4ee1076b79b", "size": 14575, "artifact_path": "wandb-client-artifact://w179r0u2qmodx3x9klj3aak6ucz3j30pgxwxvwoyb8ggwv9jaltma1nf98lxa4mmiqx08xasvonx6cv1g6r9q6hh4e4hz4aaojx33yiu0yg75fv5yw1rw068ok15amf7:latest/predictions_table.table.json", "_latest_artifact_path": "wandb-client-artifact://w179r0u2qmodx3x9klj3aak6ucz3j30pgxwxvwoyb8ggwv9jaltma1nf98lxa4mmiqx08xasvonx6cv1g6r9q6hh4e4hz4aaojx33yiu0yg75fv5yw1rw068ok15amf7:latest/predictions_table.table.json", "path": "media/table/predictions_table_29_61441f333a6b15736013.table.json", "ncols": 3, "nrows": 500}}