{"val_loss": 0.1916073289784518, "train_loss": 0.14527354761958122, "mean_pixel_accuracy": 0.8406704068183899, "mean_intersection_over_union": 0.7851726412773132, "fw_intersection_over_union": 0.8676142692565918, "_timestamp": 1705088508.807256, "_runtime": 1258.8116300106049, "_step": 89, "predictions_table": {"_type": "table-file", "sha256": "61441f333a6b15736013b5deee6b0438349cd3c73d4f3d8eee6af4ee1076b79b", "size": 14575, "artifact_path": "wandb-client-artifact://mg6b2mxyh0ksh9tdqspqsh71u8n0nhxc4yqerlarrlza5kv2opn432auqrqgws7ahgccwvzxd0m155olajizt9iuxtgax1jpa6csrg699khyl7xhfmkybbzhk7b16m35:latest/predictions_table.table.json", "_latest_artifact_path": "wandb-client-artifact://mg6b2mxyh0ksh9tdqspqsh71u8n0nhxc4yqerlarrlza5kv2opn432auqrqgws7ahgccwvzxd0m155olajizt9iuxtgax1jpa6csrg699khyl7xhfmkybbzhk7b16m35:latest/predictions_table.table.json", "path": "media/table/predictions_table_89_61441f333a6b15736013.table.json", "ncols": 3, "nrows": 500}, "_wandb": {"runtime": 1294}}