{"val_loss": 0.2038971824305398, "train_loss": 0.19111710629965128, "mean_pixel_accuracy": 0.8579768538475037, "mean_intersection_over_union": 0.7742943167686462, "fw_intersection_over_union": 0.8580055832862854, "_timestamp": 1705084489.6850495, "_runtime": 1008.2484545707703, "_step": 129, "predictions_table": {"_type": "table-file", "sha256": "61441f333a6b15736013b5deee6b0438349cd3c73d4f3d8eee6af4ee1076b79b", "size": 14575, "artifact_path": "wandb-client-artifact://4tnwk2v0l4zjejhqcnibcq8vek0y441358bhy3dfnk6ixrwsrl5st374ysm73o6oaqq8ompr9jk4qaxc05veskb5qehfiwz98fqv04wk0elajjmue7b19i7y27ut29c2:latest/predictions_table.table.json", "_latest_artifact_path": "wandb-client-artifact://4tnwk2v0l4zjejhqcnibcq8vek0y441358bhy3dfnk6ixrwsrl5st374ysm73o6oaqq8ompr9jk4qaxc05veskb5qehfiwz98fqv04wk0elajjmue7b19i7y27ut29c2:latest/predictions_table.table.json", "path": "media/table/predictions_table_129_61441f333a6b15736013.table.json", "ncols": 3, "nrows": 500}, "_wandb": {"runtime": 977}}