{"val_loss": 0.20488437078893185, "train_loss": 0.18467113561928272, "mean_pixel_accuracy": 0.8595481514930725, "mean_intersection_over_union": 0.7782831192016602, "fw_intersection_over_union": 0.8603489398956299, "_timestamp": 1705083404.0368478, "_runtime": 582.6718628406525, "_step": 89, "predictions_table": {"_type": "table-file", "sha256": "61441f333a6b15736013b5deee6b0438349cd3c73d4f3d8eee6af4ee1076b79b", "size": 14575, "artifact_path": "wandb-client-artifact://7al0i54hd32qhzhionlz63n5og453byzqcnxabj0lj4yeoia6fipaffaan62sqjut7d6um885pzi032v8wsi8gvtxle5kls8gepg6c9svkt25p4v77ld0hg3woz3z6gy:latest/predictions_table.table.json", "_latest_artifact_path": "wandb-client-artifact://7al0i54hd32qhzhionlz63n5og453byzqcnxabj0lj4yeoia6fipaffaan62sqjut7d6um885pzi032v8wsi8gvtxle5kls8gepg6c9svkt25p4v77ld0hg3woz3z6gy:latest/predictions_table.table.json", "path": "media/table/predictions_table_89_61441f333a6b15736013.table.json", "ncols": 3, "nrows": 500}, "_wandb": {"runtime": 621}}