{"val_loss": 0.1744887637240546, "train_loss": 0.12798445436515307, "mean_pixel_accuracy": 0.8790380358695984, "mean_intersection_over_union": 0.8160119652748108, "fw_intersection_over_union": 0.8914374709129333, "_timestamp": 1705086748.3399837, "_runtime": 496.68841075897217, "_step": 89, "predictions_table": {"_type": "table-file", "sha256": "61441f333a6b15736013b5deee6b0438349cd3c73d4f3d8eee6af4ee1076b79b", "size": 14575, "artifact_path": "wandb-client-artifact://6yxfv17sse4dgunub1a804bofm6zf5f5irvdr133gx8j285toiawvkt83iitury9bghqta9wm54ia71mx1li7yn5defvpnu88yti42mczbpqc47yd7poi8pto7y0zryo:latest/predictions_table.table.json", "_latest_artifact_path": "wandb-client-artifact://6yxfv17sse4dgunub1a804bofm6zf5f5irvdr133gx8j285toiawvkt83iitury9bghqta9wm54ia71mx1li7yn5defvpnu88yti42mczbpqc47yd7poi8pto7y0zryo:latest/predictions_table.table.json", "path": "media/table/predictions_table_89_61441f333a6b15736013.table.json", "ncols": 3, "nrows": 500}, "_wandb": {"runtime": 537}}