{"val_loss": 0.22545346753163772, "train_loss": 0.1497097876854241, "mean_pixel_accuracy": 0.8783074021339417, "mean_intersection_over_union": 0.7653177380561829, "fw_intersection_over_union": 0.8484033942222595, "_timestamp": 1705162306.8773704, "_runtime": 1341.6179404258728, "_step": 89, "predictions_table": {"_type": "table-file", "sha256": "61441f333a6b15736013b5deee6b0438349cd3c73d4f3d8eee6af4ee1076b79b", "size": 14575, "artifact_path": "wandb-client-artifact://jvh9xxhhjjf5poji1fv8snz9l2j4lddoatb3ue834b2a7gc0ljp0pu65b8c0c8zjnevl5t9wffuhyqxfaiiu0xdg31vjedx25z10j6vesna5jutnwf9fcgeums1zpc6d:latest/predictions_table.table.json", "_latest_artifact_path": "wandb-client-artifact://jvh9xxhhjjf5poji1fv8snz9l2j4lddoatb3ue834b2a7gc0ljp0pu65b8c0c8zjnevl5t9wffuhyqxfaiiu0xdg31vjedx25z10j6vesna5jutnwf9fcgeums1zpc6d:latest/predictions_table.table.json", "path": "media/table/predictions_table_89_61441f333a6b15736013.table.json", "ncols": 3, "nrows": 500}}