{"val_loss": 0.16833400513444627, "train_loss": 0.11486038291140606, "mean_pixel_accuracy": 0.8983623385429382, "mean_intersection_over_union": 0.820091962814331, "fw_intersection_over_union": 0.8914694786071777, "_timestamp": 1705085844.5567248, "_runtime": 1246.7459547519684, "_step": 149, "predictions_table": {"_type": "table-file", "sha256": "61441f333a6b15736013b5deee6b0438349cd3c73d4f3d8eee6af4ee1076b79b", "size": 14575, "artifact_path": "wandb-client-artifact://p23g1tmpf8dxidr0mm9atp452rzuohfs7u71fiswm9ppqep4q8ayznbqixl3apw4mpop8bbm417hizg9o3huryozgefc1z08lhnbfhnyf48u0g5ifq56te7l6sos5m3n:latest/predictions_table.table.json", "_latest_artifact_path": "wandb-client-artifact://p23g1tmpf8dxidr0mm9atp452rzuohfs7u71fiswm9ppqep4q8ayznbqixl3apw4mpop8bbm417hizg9o3huryozgefc1z08lhnbfhnyf48u0g5ifq56te7l6sos5m3n:latest/predictions_table.table.json", "path": "media/table/predictions_table_149_61441f333a6b15736013.table.json", "ncols": 3, "nrows": 500}, "_wandb": {"runtime": 1225}}